<?xml version="1.0" encoding="utf-8" ?>
<odoo>
    <data>
        <record id="action" model="ir.actions.server">
            <field name="name">Assign Category</field>
            <field name="model_id" ref="model_product_template"/>
            <field name="binding_model_id" ref="model_product_template"/>
            <field name="state">code</field>
            <field name="code">
                records.assign_mass_product_web_category()
            </field>
        </record>
    </data>
</odoo>